sku_id, annual_units, case_pct, min_each_cases,units_case,case_pallet
31584,361095,1,4,20,45
31585,360372,1,4,16,45
31582,358944,1,4,16,45
31583,358589,1,4,20,45
31586,356743,1,4,20,45
31587,356066,1,4,16,45
31578,352500,1,4,20,45
31579,351948,1,4,18,45
31580,345376,1,4,20,45
31581,344695,1,4,16,45
31576,344655,1,4,34,45
31577,343710,1,4,22,45
3690,233518,1,4,300,45
39359,231923,1,4,0,45
31588,221306,1,4,16,45
31589,220564,1,4,20,45
31881,193189,1,4,42,45
31882,192475,1,4,34,45
31883,181140,1,4,28,45
31590,176371,1,4,16,45
31591,175923,1,4,20,45
31593,167501,1,4,18,45
31592,167086,1,4,16,45
33826,96205,1,4,14,45
33906,94446,1,4,22,45
33905,94279,1,4,26,45
33904,94012,1,4,26,45
33908,93773,1,4,22,45
33907,93543,1,4,22,45
33909,92438,1,4,22,45
30565,87983,1,4,14,45
30566,85749,1,4,18,45
33828,82849,1,4,14,45
30567,81455,1,4,12,45
33827,80444,1,4,18,45
39463,77771,1,4,0,45
14289.1,62893,1,4,80,45
34913,59125,1,4,48,45
34912,58461,1,4,54,45
34914,57373,1,4,56,45
34911,55509,1,4,50,45
26048,55279,1,4,2000,45
26050,55064,1,4,2000,45
34910,54428,1,4,100,45
24221,53909,1,4,16,45
24222,53606,1,4,22,45
24223,53122,1,4,20,45
14283.1,52747,1,4,120,45
24224,52616,1,4,18,45
24219,51544,1,4,22,45
24220,51461,1,4,16,45
24226,51134,1,4,18,45
24225,51076,1,4,22,45
34909,51011,1,4,90,45
24215,50552,1,4,20,45
24216,50374,1,4,20,45
24217,49862,1,4,16,45
24218,49722,1,4,18,45
30989,49699,1,4,3500,45
26049,49014,1,4,2000,45
10403,46730,1,4,250,45
30987,43772,1,4,3500,45
23544,43169,1,4,42,45
27689,41750,1,4,14,45
27690,41073,1,4,18,45
15297,38707,1,4,14,45
15296,38299,1,4,14,45
27691,38085,1,4,14,45
27693,37925,1,4,16,45
15295,37597,1,4,12,45
27694,37377,1,4,20,45
27692,37164,1,4,16,45
34915,37151,1,4,50,45
30986,33362,1,4,3500,45
33823,33329,1,4,1500,45
33824,31500,1,4,1500,45
15294,30968,1,4,19,45
33825,30229,1,4,1500,45
30508,30169,1,4,46,45
17350,29740,1,4,1000,45
26035,29680,1,4,2000,45
30509,29227,1,4,46,45
34916,28820,1,4,50,45
34917,28030,1,4,48,45
30510,27889,1,4,42,45
31882.9,27388,1,4,18,45
31549,26105,1,4,52,45
16235,26030,1,4,18,45
31001,26006,1,4,3500,45
14402,25596,1,4,5760,45
27594,25186,1,4,18,45
31907,24858,1,4,16,45
31881.9,24740,1,4,21,45
31906,24364,1,4,14,45
31908,24327,1,4,14,45
31909,24222,1,4,16,45
38534,24050,1,4,240,45
27595,23989,1,4,14,45
30506,23803,1,4,42,45
31911,23729,1,4,16,45
23702,23661,1,4,125,45
31910,23637,1,4,12,45
30507,23552,1,4,56,45
33870,23427,1,4,20,45
27596,23311,1,4,20,45
33871,22719,1,4,20,45
30505,22457,1,4,44,45
16237,22263,1,4,18,45
34791,21976,1,4,650,45
34792,21976,1,4,650,45
34793,21976,1,4,650,45
30504,21941,1,4,48,45
31883.9,21636,1,4,14,45
34062,21409,1,4,22,45
34063,21352,1,4,22,45
30503,21142,1,4,80,45
30502,21138,1,4,40,45
27613,20787,1,4,14,45
27612,20578,1,4,14,45
33872,20394,1,4,20,45
31900,20000,1,4,14,45
28947,20000,1,4,300,45
31901,19980,1,4,18,45
16236,19970,1,4,18,45
31899,19707,1,4,12,45
16522,19635,1,4,18,45
14653,19633,1,4,52,45
16238,19629,1,4,18,45
31905,19607,1,4,14,45
34397,19599,1,4,25,45
31898,19597,1,4,18,45
30497,19383,1,4,18,45
30488,19381,1,4,16,45
30494,19362,1,4,18,45
30486,19356,1,4,16,45
30487,19337,1,4,16,45
30495,19337,1,4,18,45
30485,19324,1,4,22,45
30496,19318,1,4,18,45
31897,19118,1,4,14,45
31896,19113,1,4,14,45
31894,19061,1,4,18,45
30484,18985,1,4,26,45
31895,18906,1,4,16,45
30493,18902,1,4,20,45
34061,18885,1,4,22,45
34060,18814,1,4,22,45
30489,18803,1,4,16,45
30498,18794,1,4,18,45
31902,18735,1,4,16,45
31903,18657,1,4,14,45
27614,18170,1,4,14,45
31904,18142,1,4,18,45
39637,17994,1,4,0,45
11575.1,17482,1,4,80,45
31295,17461,1,4,16,45
31596,17184,1,4,20,45
31598,17037,1,4,20,45
31597,16997,1,4,20,45
31599,16997,1,4,14,45
27597,16942,1,4,16,45
16526,16906,1,4,18,45
14553,16801,1,4,18,45
34059,16553,1,4,26,45
34058,16536,1,4,26,45
31296,16112,1,4,18,45
31594,15890,1,4,34,45
31595,15832,1,4,22,45
34797,15786,1,4,60,45
31297,15741,1,4,18,45
14652,15721,1,4,66,45
19356,15541,1,4,500,45
37863,15314,1,4,3150,45
37864,15218,1,4,3000,45
37865,15197,1,4,3050,45
27598,15164,1,4,20,45
16527,15130,1,4,18,45
27593,14978,1,4,20,45
15320,14954,1,4,14,45
14311,14845,1,4,70,45
27615,14745,1,4,22,45
36063,14583,1,4,128,45
16528,14507,1,4,18,45
3128,14470,1,4,2000,45
36069,14371,1,4,130,45
31601,14249,1,4,20,45
31600,14239,1,4,14,45
15190,14082,1,4,18,45
27592,14024,1,4,26,45
19357,13909,1,4,84,45
27599,13608,1,4,20,45
16521,13563,1,4,40,45
17354,13554,1,4,50,45
36064,13544,1,4,110,45
36070,13419,1,4,110,45
38985,13231,1,4,20,45
38986,13216,1,4,16,45
27591,13187,1,4,28,45
38984,13186,1,4,16,45
38983,13174,1,4,16,45
39002,13066,0.5,4,1000,45
15191,12846,0.5,4,18,45
15192,12821,0.5,4,18,45
37866,12622,0.5,4,3100,45
27616,12547,0.5,4,24,45
23388,12443,0.5,4,500,45
34510,12411,0.5,4,250,45
38982,12247,0.5,4,20,45
36065,12246,0.5,4,116,45
38981,12236,0.5,4,14,45
16234,11837,0.5,4,18,45
34772,11835,0.5,4,800,45
16523,11831,0.5,4,18,45
16233,11830,0.5,4,18,45
36071,11729,0.5,4,100,45
16168,11640,0.5,4,18,45
27617,11533,0.5,4,24,45
33869,11446,0.5,4,20,45
24236,11425,0.5,4,100,45
16232,11375,0.5,4,18,45
16520,11361,0.5,4,48,45
38979,11228,0.5,4,18,45
38980,11226,0.5,4,14,45
33896,11164,0.5,4,20,45
31304,11161,0.5,4,18,45
31603,11099,0.5,4,16,45
31602,11086,0.5,4,18,45
3127,11014,0.5,4,2000,45
3129,11014,0.5,4,2000,45
3130,11014,0.5,4,2000,45
3131,11014,0.5,4,2000,45
39117,10892,0.5,4,90,45
33884,10891,0.5,4,20,45
38978,10795,0.5,4,18,45
38977,10794,0.5,4,18,45
31305,10745,0.5,4,20,45
37861,10557,0.5,4,150,45
38975,10522,0.5,4,20,45
38976,10514,0.5,4,14,45
16524,10389,0.5,4,18,45
14309,10330,0.5,4,70,45
31604,10304,0.5,4,20,45
24212,10279,0.5,4,24,45
31605,10220,0.5,4,16,45
31306,10181,0.5,4,20,45
39516,10133,0.5,4,0,45
39118,10030,0.5,4,90,45
33592,10018,0.5,4,48,45
23501,9930,0.5,4,128,45
14555,9922,0.5,4,18,45
39119,9874,0.5,4,90,45
14554,9864,0.5,4,18,45
17480,9832,0.5,4,18,45
15189,9797,0.5,4,18,45
41279,9793,0.5,4,45,45
33560,9738,0.5,4,3500,45
14313,9704,0.5,4,70,45
10402,9668,0.5,4,240,45
31294,9664,0.5,4,16,45
33883,9664,0.5,4,20,45
34755,9652,0.5,4,24,45
33885,9637,0.5,4,20,45
34754,9605,0.5,4,24,45
23326,9593,0.5,4,30,45
14394,9546,0.5,4,5000,45
14395,9546,0.5,4,5000,45
14396,9546,0.5,4,5000,45
14397,9546,0.5,4,5000,45
14398,9546,0.5,4,3000,45
14399,9546,0.5,4,3000,45
14400,9546,0.5,4,3000,45
14401,9546,0.5,4,3000,45
23328,9508,0.5,4,50,45
23327,9480,0.5,4,18,45
23502,9466,0.5,4,150,45
30499,9437,0.5,4,16,45
30490,9435,0.5,4,18,45
16525,9284,0.5,4,18,45
38998,9278,0.5,4,42,45
37868,9227,0.5,4,60,45
38997,9220,0,4,39,45
34795,9165,0,4,100,45
18363,9079,0,4,500,45
4057,9041,0,4,500,45
39981,8970,0,4,220,45
24039,8880,0,4,2500,45
20111,8869,0,4,28,45
24037,8824,0,4,2500,45
17479,8807,0,4,24,45
31293,8806,0,4,26,45
23503,8738,0,4,120,45
16231,8688,0,4,18,45
27611,8667,0,4,14,45
24038,8574,0,4,2500,45
36066,8448,0,4,100,45
19425,8420,0,4,14,45
18021,8405,0,4,30,45
38996,8390,0,4,39,45
33873,8293,0,4,20,45
40667,8241,0,4,500,45
38468,8126,0,4,200,45
19426,8098,0,4,12,45
19427,8092,0,4,12,45
18020,8073,0,4,36,45
38987,7940,0,4,14,45
38988,7938,0,4,16,45
31292,7926,0,4,34,45
31303,7778,0,4,18,45
23509,7770,0,4,110,45
40123,7721,0,4,75,45
38990,7567,0,4,16,45
36548,7510,0,4,140,45
35544,7474,0,4,25,45
34508,7464,0,4,250,45
36072,7464,0,4,96,45
23508,7460,0,4,108,45
34021,7393,0,4,42,45
34022,7383,0,4,42,45
38995,7382,0,4,42,45
34023,7333,0,4,14,45
36073,7329,0,4,88,45
38992,7298,0,4,16,45
31302,7288,0,4,22,45
38989,7217,0,4,14,45
32183,7202,0,4,17,45
39462,7181,0,4,0,45
31718,7171,0,4,100,45
30492,7165,0,4,20,45
30501,7154,0,4,18,45
34514.9,7107,0,4,10,45
20112,7071,0,4,28,45
34796,7052,0,4,100,45
16980,7035,0,4,60,45
38991,7014,0,4,14,45
36074,6968,0,4,80,45
37878,6965,0,4,1000,45
34515.9,6952,0,4,11,45
38419,6952,0,4,500,45
32182,6948,0,4,18,45
34512.9,6918,0,4,14,45
39935,6913,0,4,0,45
23510,6908,0,4,112,45
30491,6903,0,4,18,45
16979,6881,0,4,60,45
34513.9,6878,0,4,10,45
30500,6859,0,4,16,45
12689.1,6824,0,4,60,45
34516.9,6813,0,4,13,45
12690.1,6777,0,4,50,45
16978,6761,0,4,60,45
41355,6757,0,4,168,45
38516.S,6756,0,4,16,45
38517.S,6753,0,4,14,45
20113,6736,0,4,26,45
34518.9,6681,0,4,9,45
34520.9,6668,0,4,11,45
34517.9,6635,0,4,9,45
34519.9,6617,0,4,13,45
32184,6600,0,4,20,45
40666,6570,0,4,300,45
36067,6569,0,4,116,45
34521.9,6564,0,4,11,45
20685,6535,0,4,96,45
31301,6488,0,4,20,45
34794,6466,0,4,100,45
20107,6424,0,4,18,45
20078,6383,0,4,18,45
38999,6280,0,4,44,45
21650,6213,0,4,250,45
20687,6200,0,4,88,45
34511,6174,0,4,250,45
34522.9,6172,0,4,13,45
16169,6165,0,4,18,45
38482,6149,0,4,25,45
34523.9,6053,0,4,11,45
34695,6011,0,4,220,45
39000,5986,0,4,44,45
33501,5985,0,4,100,45
36559,5945,0,4,240,45
34894,5936,0,4,300,45
33562,5870,0,4,3500,45
20080,5845,0,4,16,45
39001,5839,0,4,44,45
39643,5834,0,4,250,45
34694,5817,0,4,220,45
20079,5815,0,4,16,45
12144,5794,0,4,50,45
38481,5786,0,4,500,45
20686,5767,0,4,96,45
34696,5757,0,4,220,45
36558,5751,0,4,150,45
36561,5751,0,4,280,45
34892,5742,0,4,300,45
36560,5691,0,4,240,45
38480,5676,0,4,500,45
20110,5666,0,4,16,45
37872,5588,0,4,275,45
37862,5585,0,4,500,45
34893,5565,0,4,300,45
33875,5552,0,4,20,45
36068,5509,0,4,88,45
23247,5472,0,4,18,45
33874,5424,0,4,20,45
33852,5409,0,4,500,45
16170,5404,0,4,18,45
23246,5403,0,4,12,45
35272,5400,0,4,200,45
39360,5349,0,4,0,45
27610,5346,0,4,44,45
34509,5324,0,4,250,45
11215.1,5292,0,4,150,45
20108,5239,0,4,16,45
27076,5221,0,4,300,45
12145,5206,0,4,50,45
33821,5091,0,4,1500,45
31606,5073,0,4,16,45
33561,5065,0,4,3500,45
38501,5061,0,4,45,45
31607,5024,0,4,18,45
33868,4903,0,4,20,45
20109,4871,0,4,16,45
3565,4812,0,4,250,45
34819,4804,0,4,4000,45
14305,4758,0,4,70,45
24213,4747,0,4,24,45
41635,4682,0,4,220,45
39787,4668,0,4,100,45
12146,4653,0,4,48,45
20676,4646,0,4,80,45
19424,4623,0,4,12,45
23504,4605,0,4,108,45
23231,4571,0,4,18,45
34689,4539,0,4,250,45
31298,4527,0,4,22,45
23377,4510,0,4,250,45
24214,4486,0,4,26,45
38477,4450,0,4,250,45
12130.1,4435,0,4,140,45
12691.1,4435,0,4,50,45
39464,4418,0,4,0,45
38541,4391,0,4,500,45
31172,4386,0,4,42,45
12129.1,4376,0,4,120,45
23248,4338,0,4,14,45
39992,4324,0,4,18,45
39993,4324,0,4,0,45
38994,4323,0,4,80,45
33822,4305,0,4,1500,45
33881,4272,0,4,20,45
4305,4256,0,4,200,45
39990,4226,0,4,0,45
39991,4226,0,4,14,45
40005,4205,0,4,0,45
33899,4203,0,4,20,45
38993,4156,0,4,90,45
35024,4149,0,4,5000,45
38552,4142,0,4,2100,45
38553,4142,0,4,50,45
23505,4142,0,4,110,45
31299,4135,0,4,24,45
31582.9,4133,0,4,9,45
31578.9,4123,0,4,10,45
40004,4110,0,4,0,45
23249,4042,0,4,12,45
31307,4012,0,4,16,45
12143,3996,0,4,40,45
39641,3953,0,4,225,45
10411,3928,0,4,200,45
14303,3898,0,4,70,45
14301,3876,0,4,70,45
20081,3875,0,4,16,45
10920,3862,0,4,20,45
31584.9,3803,0,4,11,45
34524.9,3800,0,4,9,45
31576.9,3785,0,4,14,45
27609,3779,0,4,50,45
34525.9,3757,0,4,13,45
16981,3732,0,4,60,45
20688,3724,0,4,88,45
31608,3718,0,4,16,45
37560,3709,0,4,45,45
31609,3690,0,4,18,45
39986,3684,0,4,18,45
39987,3684,0,4,0,45
39982,3657,0,4,0,45
39983,3657,0,4,0,45
23506,3654,0,4,100,45
39984,3633,0,4,16,45
39985,3633,0,4,0,45
31580.9,3632,0,4,13,45
33882,3610,0,4,20,45
31300,3567,0,4,22,45
31611,3556,0,4,16,45
31610,3554,0,4,14,45
31583.9,3545,0,4,14,45
40002,3540,0,4,0,45
20082,3534,0,4,24,45
31579.9,3532,0,4,11,45
31308,3519,0,4,18,45
31585.9,3473,0,4,12,45
4697,3456,0,4,1440,45
4703,3456,0,4,1440,45
31577.9,3437,0,4,10,45
31581.9,3436,0,4,10,45
40665,3422,0,4,75,45
19429,3410,0,4,24,45
33886,3402,0,4,20,45
16514,3392,0,4,18,45
39515,3374,0,4,110,45
38515,3344,0,4,38,45
31586.9,3311,0,4,13,45
19423,3297,0,4,42,45
27603,3297,0,4,16,45
19430,3242,0,4,22,45
20083,3239,0,4,28,45
23375,3230,0,4,250,45
19428,3229,0,4,22,45
35157,3219,0,4,70,45
23376,3207,0,4,250,45
35168,3164,0,4,45,45
14315,3151,0,4,70,45
31587.9,3148,0,4,11,45
42333,3139,0,4,250,45
42351,3139,0,4,2000,45
11213.1,3137,0,4,140,45
12128.1,3126,0,4,120,45
12131.1,3124,0,4,120,45
23545,3074,0,4,42,45
33502,3051,0,4,100,45
36037,3035,0,4,200,45
39988,3010,0,4,12,45
39989,3010,0,4,18,45
33912.9,2988,0,4,16,45
24407,2947,0,4,36,45
31309,2945,0,4,18,45
42334,2913,0,4,110,45
40676,2911,0,4,360,45
35158,2901,0,4,90,45
11218.1,2889,0,4,150,45
40003,2880,0,4,0,45
33888,2868,0,4,20,45
32176,2861,0,4,20,45
33914.9,2852,0,4,16,45
34688,2847,0,4,100,45
34526.9,2842,0,4,9,45
19422,2828,0,4,50,45
33913.9,2827,0,4,16,45
39922,2827,0,4,100,45
11216.1,2826,0,4,140,45
43268,2806,0,4,420,45
32174,2790,0,4,20,45
12142,2785,0,4,66,45
34019,2785,0,4,16,45
32175,2783,0,4,20,45
39903,2766,0,4,100,45
34527.9,2762,0,4,12,45
11639,2751,0,4,40,45
4704,2750,0,4,125,45
4705,2750,0,4,50,45
4709,2750,0,4,144,45
11212.1,2747,0,4,140,45
27604,2743,0,4,16,45
33911.9,2739,0,4,16,45
10404,2736,0,4,250,45
31717,2731,0,4,125,45
20106,2717,0,4,36,45
33915.9,2696,0,4,16,45
35053,2693,0,4,45,45
23250,2686,0,4,24,45
35159,2678,0,4,56,45
14297,2672,0,4,10,45
34020,2666,0,4,16,45
20105,2666,0,4,48,45
34528.9,2644,0,4,9,45
33910.9,2635,0,4,16,45
33887,2631,0,4,20,45
34529.9,2625,0,4,12,45
16515,2623,0,4,18,45
34387,2620,0,4,300,45
27548,2616,0,4,250,45
39639,2614,0,4,250,45
16516,2606,0,4,18,45
34109,2601,0,4,1,45
23229,2601,0,4,18,45
20099,2547,0,4,18,45
34110,2524,0,4,1,45
34018,2516,0,4,32,45
24397,2508,0,4,14,45
39789,2491,0,4,300,45
27605,2487,0,4,18,45
20102,2472,0,4,20,45
18018,2456,0,4,38,45
35160,2412,0,4,52,45
34818,2402,0,4,750,45
34820,2402,0,4,240,45
41762,2389,0,4,150,45
34025,2386,0,4,1,45
37739,2386,0,4,500,45
34108,2382,0,4,1,45
39405,2372,0,4,200,45
34107,2369,0,4,1,45
31590.9,2352,0,4,10,45
34026,2346,0,4,1,45
19486,2343,0,4,16,45
33907.9,2335,0,4,16,45
19487,2332,0,4,16,45
30860.9,2330,0,4,11,45
24398,2325,0,4,16,45
18019,2311,0,4,32,45
32181,2307,0,4,17,45
23230,2305,0,4,16,45
42314,2286,0,4,96,45
34024,2285,0,4,1,45
23252,2276,0,4,22,45
20103,2275,0,4,20,45
17391,2267,0,4,16,45
42315,2262,0,4,84,45
12631,2257,0,4,42,45
34017,2248,0,4,25,45
20137,2243,0,4,14,45
24400,2239,0,4,14,45
14300,2236,0,4,30,45
24399,2229,0,4,20,45
16513,2219,0,4,18,45
42316,2202,0,4,84,45
11217.1,2200,0,4,150,45
32177,2187,0,4,20,45
33826.9,2181,0,4,10,45
23251,2167,0,4,22,45
19485,2148,0,4,16,45
32186,2139,0,4,20,45
34807,2117,0,4,2000,45
39642,2112,0,4,225,45
39788,2112,0,4,225,45
31588.9,2102,0,4,10,45
23245,2100,0,4,40,45
34810,2090,0,4,2000,45
32185,2089,0,4,20,45
39638,2081,0,4,225,45
24396,2080,0,4,18,45
24395,2071,0,4,18,45
21954,2070,0,4,24,45
33909.9,2064,0,4,16,45
37867,2063,0,4,320,45
20072,2058,0,4,20,45
27606,2053,0,4,16,45
23511,2052,0,4,108,45
10154.1,2041,0,4,160,45
20097,2041,0,4,28,45
35162,2040,0,4,54,45
32178,2036,0,4,20,45
33905.9,2032,0,4,16,45
11370.1,2031,0,4,500,45
11371.1,2031,0,4,250,45
11372.1,2031,0,4,500,45
11373.1,2031,0,4,500,45
11374.1,2031,0,4,500,45
11375.1,2031,0,4,500,45
11376.1,2031,0,4,500,45
11377.1,2031,0,4,225,45
11378.1,2031,0,4,500,45
11379.1,2031,0,4,225,45
20104,2029,0,4,20,45
35161,2027,0,4,54,45
12632,2018,0,4,32,45
34815,2018,0,4,2000,45
20098,2013,0,4,20,45
32179,2013,0,4,20,45
10497,2009,0,4,160,45
34809,2006,0,4,2000,45
33906.9,1992,0,4,17,45
32180,1984,0,4,18,45
20073,1982,0,4,18,45
20077,1974,0,4,14,45
12996,1970,0,4,44,45
20100,1969,0,4,20,45
20074,1968,0,4,22,45
12141,1964,0,4,86,45
34811,1952,0,4,2000,45
20101,1949,0,4,20,45
33891,1948,0,4,20,45
12147,1942,0,4,58,45
32187,1941,0,4,20,45
38422,1940,0,4,225,45
38502,1940,0,4,45,45
12127.1,1938,0,4,140,45
20096,1937,0,4,32,45
24402,1926,0,4,20,45
31589.9,1926,0,4,13,45
37879,1920,0,4,0,45
10153.1,1916,0,4,140,45
30565.9,1905,0,4,10,45
10149.1,1898,0,4,120,45
24401,1896,0,4,14,45
12132.1,1895,0,4,120,45
34808,1886,0,4,1930,45
34776,1867,0,4,90,45
34773,1855,0,4,90,45
39936,1849,0,4,300,45
34817,1848,0,4,36,45
34785,1825,0,4,75,45
32173,1820,0,4,20,45
33879,1810,0,4,20,45
34812,1808,0,4,2000,45
34782,1803,0,4,65,45
10148.1,1789,0,4,120,45
34813,1787,0,4,2000,45
30861.9,1786,0,4,11,45
34801,1778,0,4,100,45
10155.1,1777,0,4,120,45
18235,1776,0,4,8,45
18236,1770,0,4,8,45
31591.9,1768,0,4,10,45
34798,1765,0,4,100,45
34781,1749,0,4,105,45
34821,1738,0,4,2000,45
33908.9,1733,0,4,16,45
34775,1733,0,4,90,45
4698,1728,0,4,1440,45
4699,1728,0,4,1440,45
4700,1728,0,4,1440,45
4701,1728,0,4,1440,45
4702,1728,0,4,1440,45
4706,1728,0,4,100,45
4707,1728,0,4,144,45
4708,1728,0,4,260,45
6363,1728,0,4,2500,45
20689,1723,0,4,100,45
30566.9,1717,0,4,13,45
33878,1711,0,4,20,45
10150.1,1708,0,4,120,45
32172,1702,0,4,20,45
33904.9,1700,0,4,16,45
23228,1696,0,4,22,45
34784,1694,0,4,75,45
34790,1693,0,4,70,45
34823,1680,0,4,2000,45
34777,1678,0,4,120,45
31592.9,1676,0,4,9,45
23244,1669,0,4,50,45
24406,1663,0,4,16,45
33892,1659,0,4,20,45
34786,1658,0,4,100,45
24405,1655,0,4,20,45
10144.1,1653,0,4,120,45
36056,1653,0,4,28,45
18237,1653,0,4,8,45
34814,1643,0,4,2000,45
34806,1635,0,4,100,45
20136,1635,0,4,40,45
33827.9,1632,0,4,10,45
38516,1625,0,4,16,45
12625.1,1625,0,4,110,45
12995,1624,0,4,46,45
30567.9,1624,0,4,13,45
38517,1623,0,4,14,45
34800,1621,0,4,100,45
34774,1618,0,4,80,45
33828.9,1602,0,4,10,45
24000,1597,0,4,42,45
37869,1593,0,4,60,45
27607,1589,0,4,18,45
21955,1588,0,4,24,45
34783,1581,0,4,80,45
23512,1574,0,4,100,45
34771,1568,0,4,800,45
30862.9,1565,0,4,11,45
34778,1561,0,4,90,45
34779,1552,0,4,175,45
37871,1550,0,4,60,45
31593.9,1547,0,4,12,45
34802,1546,0,4,100,45
35163,1545,0,4,56,45
19951,1543,0,4,45,45
23227,1541,0,4,24,45
17389,1538,0,4,35,45
38466,1527,0,4,100,45
20069,1525,0,4,20,45
10143.1,1523,0,4,120,45
12633,1521,0,4,26,45
34804,1521,0,4,110,45
34787,1514,0,4,75,45
19488,1514,0,4,26,45
34788,1512,0,4,80,45
37870,1511,0,4,60,45
23232,1503,0,4,20,45
26322,1502,0,4,180,45
34799,1502,0,4,90,45
12126.1,1500,0,4,200,45
40674,1495,0,4,100,45
12626.1,1490,0,4,80,45
10163.1,1488,0,4,140,45
10164.1,1487,0,4,140,45
15294.9,1484,0,4,14,45
24403,1475,0,4,18,45
23240,1472,0,4,16,45
34803,1463,0,4,110,45
24404,1462,0,4,16,45
33880,1460,0,4,20,45
10145.1,1451,0,4,120,45
19484,1447,0,4,16,45
33893,1447,0,4,20,45
27608,1425,0,4,18,45
43234,1420,0,4,100,45
43235,1420,0,4,100,45
43236,1420,0,4,160,45
43237,1420,0,4,150,45
43238,1420,0,4,400,45
43239,1420,0,4,300,45
43240,1420,0,4,250,45
43241,1420,0,4,1100,45
43242,1420,0,4,550,45
43243,1420,0,4,50,45
21951,1419,0,4,14,45
20070,1414,0,4,20,45
34780,1407,0,4,140,45
23233,1407,0,2,18,45
23234,1397,0,2,22,45
14868.1,1381,0,2,72,45
34789,1376,0,2,100,45
35165,1375,0,2,52,45
14556.1,1367,0,2,150,45
41354,1353,0,2,120,45
10159.1,1349,0,2,140,45
10158.1,1347,0,2,120,45
20071,1347,0,2,22,45
23513,1336,0,2,100,45
39950,1324,0,2,130,45
20683,1323,0,2,200,45
15190.9,1318,0,2,32,45
11214.1,1311,0,2,130,45
23226,1306,0,2,30,45
10265.1,1305,0,2,120,45
10160.1,1303,0,2,140,45
44676,1301,0,2,220,45
41146,1300,0,2,2000,45
34805,1299,0,2,110,45
20690,1275,0,2,80,45
31173,1274,0,2,42,45
20135,1270,0,2,50,45
37860,1269,0,2,125,45
27600,1262,0,2,18,45
12148,1259,0,2,50,45
41427,1252,0,2,25,45
21953,1249,0,2,14,45
14867.1,1246,0,2,72,45
27601,1243,0,2,18,45
10165.1,1237,0,2,140,45
21952,1233,0,2,14,45
26714,1231,0,2,175,45
21930,1215,0,2,30,45
20142,1213,0,2,26,45
37090,1207,0,2,2250,45
27602,1207,0,2,20,45
33895,1207,0,2,20,45
20141,1200,0,2,24,45
41356,1198,0,2,120,45
20143,1198,0,2,24,45
21933,1193,0,2,18,45
10169.1,1187,0,2,120,45
21962,1174,0,2,2200,45
12976.1,1168,0,2,100,45
23878,1168,0,2,25,45
14865.1,1166,0,2,80,45
11254.1,1160,0,2,100,45
14866.1,1155,0,2,88,45
35164,1153,0,2,56,45
40677,1147,0,2,48,45
10168.1,1145,0,2,140,45
14869.1,1130,0,2,64,45
38761.9,1123,0,2,8,45
23239,1122,0,2,16,45
18074,1102,0,2,28,45
41603,1097,0,2,0,45
12133.1,1095,0,2,120,45
31055,1094,0,2,150,45
33568,1087,0,2,110,45
21934,1083,0,2,16,45
10264.1,1076,0,2,120,45
12975.1,1069,0,2,110,45
21931,1066,0,2,28,45
21956,1065,0,2,22,45
10152.1,1063,0,2,140,45
12149,1058,0,2,52,45
27594.9,1056,0,2,10,45
14870.1,1055,0,2,68,45
21932,1054,0,2,22,45
16982,1048,0,2,56,45
23238,1044,0,2,16,45
10268.1,1043,0,2,150,45
38983.9,1042,0,2,9,45
18075,1036,0,2,24,45
11230.1,1031,0,2,140,45
11246.1,1030,0,2,160,45
10170.1,1028,0,2,140,45
39924,1028,0,2,68,45
14493,1022,0,2,216,45
14294,1020,0,2,20,45
41357,1020,0,2,110,45
16235.9,1020,0,2,10,45
38984.9,1018,0,2,10,45
40159,1013,0,2,40,45
40160,1013,0,2,40,45
40161,1012,0,2,60,45
11238.1,1005,0,2,75,45
40156,1003,0,2,110,45
40158,1003,0,2,80,45
40157,1002,0,2,100,45
40117,1001,0,2,70,45
21935,1001,0,2,18,45
27595.9,998,0,2,10,45
21942,997,0,2,16,45
40118,996,0,2,68,45
21939,994,0,2,18,45
27596.9,993,0,2,12,45
40146.9,992,0,2,9,45
40147.9,992,0,2,10,45
14277,991,0,2,75,45
14341,991,0,2,6,45
22162,990,0,2,14,45
11255.1,985,0,2,140,45
40140.9,981,0,2,10,45
40141.9,981,0,2,11,45
33877,978,0,2,20,45
11231.1,974,0,2,140,45
24408,974,0,2,36,45
11232.1,971,0,2,140,45
41151,971,0,2,1001,45
33889,967,0,2,25,45
21950,963,0,2,14,45
12627.1,960,0,2,100,45
41148,960,0,2,1001,45
11240.1,955,0,2,110,45
31767,954,0,2,150,45
14653.9,954,0,2,26,45
38985.9,952,0,2,11,45
12418,952,0,2,46,45
21598,951,0,2,45,45
39925,946,0,2,68,45
40144.9,945,0,2,8,45
40145.9,945,0,2,12,45
40148.9,944,0,2,12,45
40149.9,944,0,2,10,45
11239.1,941,0,2,120,45
39063,939,0,2,450,45
31295.9,937,0,2,10,45
12140,936,0,2,72,45
40138.9,935,0,2,14,45
40139.9,935,0,2,11,45
40142.9,935,0,2,12,45
40143.9,935,0,2,8,45
33563,935,0,2,3500,45
11256.1,933,0,2,100,45
31070,933,0,2,75,45
41150,931,0,2,957,45
40119,930,0,2,70,45
41152,930,0,2,957,45
11248.1,921,0,2,140,45
39923,921,0,2,80,45
41147,921,0,2,957,45
41149,921,0,2,957,45
38977.9,920,0,2,10,45
39908,920,0,2,320,45
34824,919,0,2,216,45
12178,917,0,2,75,45
27612.9,917,0,2,11,45
38978.9,916,0,2,11,45
21940,915,0,2,18,45
38981.9,914,0,2,8,45
36044,912,0,2,1000,45
39905,910,0,2,320,45
21941,906,0,2,16,45
11222.1,904,0,2,140,45
14288,902,0,2,12,45
22161,901,0,2,14,45
38982.9,900,0,2,11,45
22159,900,0,2,18,45
38986.9,899,0,2,9,45
22160,897,0,2,20,45
36045,894,0,2,900,45
27613.9,894,0,2,10,45
38979.9,891,0,2,10,45
11247.1,891,0,2,140,45
38980.9,888,0,2,8,45
14652.9,884,0,2,30,45
14598.1,882,0,2,204,45
10266.1,880,0,2,140,45
39907,880,0,2,320,45
39909,880,0,2,320,45
12134.1,879,0,2,130,45
22163,872,0,2,16,45
10267.1,871,0,2,150,45
39906,871,0,2,470,45
34822,869,0,2,200,45
18080,864,0,2,20,45
26321,862,0,2,200,45
14317,860,0,2,70,45
19470,858,0,2,16,45
16169.9,857,0,2,30,45
37733,854,0,2,500,45
12417,852,0,2,46,45
19468,852,0,2,28,45
40000,850,0,2,0,45
40001,850,0,2,0,45
19472,850,0,2,18,45
31296.9,850,0,2,11,45
19469,849,0,2,22,45
38975.9,848,0,2,13,45
19491,847,0,2,108,45
31548,846,0,2,8,45
19471,846,0,2,16,45
31546,845,0,2,9,45
31547,845,0,2,50,45
18081,845,0,2,22,45
12125.1,843,0,2,150,45
38976.9,841,0,2,10,45
10274.1,836,0,2,120,45
34836,836,0,2,750,45
38521.T,835,0,2,8,45
21943,834,0,2,16,45
39640,830,0,2,0,45
21948,830,0,2,50,45
37734,829,0,2,500,45
38520.T,828,0,2,9,45
40043,828,0,2,2000,45
19467,825,0,2,30,45
20699,820,0,2,76,45
15045.1,815,0,2,120,45
34844,812,0,2,800,45
37735,810,0,2,500,45
33894,810,0,2,20,45
27614.9,806,0,2,11,45
26185,805,0,2,100,45
21936,805,0,2,20,45
34839,803,0,2,900,45
34060.9,802,0,2,16,45
36046,802,0,2,800,45
41359,798,0,2,110,45
34061.9,797,0,2,16,45
14640,796,0,2,12,45
34062.9,794,0,2,20,45
14292,791,0,2,24,45
36083,791,0,2,1010,45
10147.1,790,0,2,100,45
34063.9,789,0,2,16,45
10142.1,786,0,2,100,45
31304.9,780,0,2,28,45
38547,774,0,2,2700,45
21944,770,0,2,14,45
22158,767,0,2,20,45
11223.1,761,0,2,140,45
31297.9,759,0,2,10,45
37740,758,0,2,500,45
31014,755,0,2,650,45
31015,755,0,2,650,45
31016,755,0,2,650,45
11224.1,753,0,2,140,45
38519.T,748,0,2,9,45
14639,744,0,2,20,45
34715,743,0,2,500,45
34838,741,0,2,1100,45
40120,741,0,2,75,45
10157.1,738,0,2,140,45
15044.1,735,0,2,100,45
34837,734,0,2,1000,45
21938,732,0,2,22,45
36063.9,732,0,2,175,45
31056,731,0,2,150,45
21949,731,0,2,40,45
10162.1,727,0,2,140,45
18077,725,0,2,18,45
18076,721,0,2,18,45
10263.1,718,0,2,120,45
34841,718,0,2,900,45
39517,715,0,2,0,45
34840,714,0,2,800,45
14844.1,714,0,2,72,45
18083,713,0,2,18,45
19492,710,0,2,88,45
40162,708,0,2,34,45
40163,705,0,2,58,45
40164,705,0,2,86,45
36069.9,701,0,2,250,45
38762.9,699,0,2,12,45
14279,696,0,2,90,45
14340,696,0,2,8,45
38758.9,695,0,2,13,45
38755.9,694,0,2,14,45
38756.9,694,0,2,12,45
34058.9,694,0,2,16,45
38757.9,693,0,2,11,45
34059.9,691,0,2,16,45
35166,688,0,2,24,45
38760.9,688,0,2,8,45
40675,688,0,2,100,45
38759.9,686,0,2,12,45
40150.9,686,0,2,8,45
40151.9,686,0,2,11,45
38420,686,0,2,250,45
21937,686,0,2,18,45
20090,677,0,2,110,45
39994,676,0,2,0,45
39995,676,0,2,0,45
34842,676,0,2,1100,45
27597.9,676,0,2,11,45
19493,675,0,2,88,45
31305.9,674,0,2,38,45
21945,673,0,2,18,45
36039,670,0,2,875,45
20138,670,0,2,14,45
36968,669,0,2,500,45
40006,666,0,2,0,45
31035,666,0,2,700,45
41153,666,0,2,726,45
22164,664,0,2,16,45
38764.9,663,0,2,10,45
27615.9,663,0,2,25,45
38763.9,660,0,2,10,45
10273.1,657,0,2,140,45
31066,657,0,2,225,45
31068,656,0,2,225,45
36084,656,0,2,1010,45
14553.9,656,0,2,24,45
36969,650,0,2,518,45
22165,650,0,2,16,45
40121,648,0,2,70,45
10262.1,645,0,2,120,45
34843,645,0,2,800,45
16236.9,645,0,2,12,45
36064.9,643,0,2,175,45
22166,642,0,2,18,45
40152.9,637,0,2,8,45
40153.9,637,0,2,11,45
40154.9,637,0,2,8,45
40155.9,637,0,2,11,45
20140,635,0,2,14,45
18082,633,0,2,18,45
36070.9,633,0,2,175,45
38966.9,633,0,2,12,45
38967.9,633,0,2,10,45
20076,631,0,2,40,45
31294.9,630,0,2,10,45
10151.1,629,0,2,120,45
38766.9,628,0,2,10,45
39910,628,0,2,510,45
39064,627,0,2,220,45
41154,623,0,2,682,45
41155,623,0,2,682,45
38765.9,621,0,2,11,45
38968.9,621,0,2,9,45
27598.9,620,0,2,13,45
36536,617,0,2,200,45
34848,615,0,2,600,45
33890,615,0,2,20,45
38969.9,614,0,2,10,45
38987.9,612,0,2,8,45
38988.9,612,0,2,12,45
12634,604,0,2,38,45
16526.9,604,0,2,25,45
23236,604,0,2,16,45
20084,603,0,2,90,45
20091,603,0,2,96,45
38970.9,599,0,2,10,45
19475,595,0,2,20,45
21946,594,0,2,16,45
33870.9,594,0,2,9,45
34845,593,0,2,600,45
10167.1,592,0,2,140,45
21947,592,0,2,18,45
16522.9,590,0,2,12,45
19483,590,0,2,44,45
35167,588,0,2,24,45
39911,586,0,2,470,45
39912,586,0,2,470,45
15192.9,586,0,2,34,45
36065.9,582,0,2,175,45
16237.9,580,0,2,9,45
41623,579,0,2,18,45
27616.9,578,0,2,26,45
34847,576,0,2,600,45
12689.9,576,0,2,36,45
10272.1,575,0,2,120,45
33871.9,573,0,2,9,45
16521.9,571,0,2,18,45
12636,569,0,2,48,45
38890,568,0,2,7271,45
27593.9,568,0,2,11,45
20092,563,0,2,100,45
19474,562,0,2,20,45
41761,560,0,2,45,45
16527.9,559,0,2,25,45
10260.1,557,0,2,140,45
41172,556,0,2,50,45
41173,556,0,2,50,45
41174,556,0,2,50,45
24212.9,556,0,2,10,45
34816,554,0,2,36,45
12690.9,554,0,2,36,45
36071.9,552,0,2,175,45
19473,551,0,2,20,45
19477,548,0,2,100,45
27599.9,548,0,2,13,45
31293.9,547,0,2,11,45
43244,541,0,2,160,45
16528.9,541,0,2,16,45
23237,541,0,2,20,45
34714,540,0,2,500,45
15189.9,540,0,2,38,45
27592.9,539,0,2,12,45
17480.9,538,0,2,36,45
27617.9,533,0,2,24,45
41604,531,0,2,75,45
41711,531,0,2,650,45
41712,531,0,2,650,45
41713,531,0,2,650,45
34849,529,0,2,600,45
36040,529,0,2,875,45
16238.9,529,0,2,10,45
15191.9,525,0,2,32,45
16168.9,522,0,2,32,45
31292.9,521,0,2,12,45
38971.9,518,0,2,10,45
24319,517,0,2,150,45
19482,517,0,2,50,45
36535,515,0,2,150,45
33872.9,514,0,2,9,45
42381,511,0,2,150,45
36038,510,0,2,875,45
18021.9,506,0,2,9,45
34851,505,0,2,450,45
14554.9,503,0,2,26,45
38554,498,0,2,2000,45
18078,496,0,2,18,45
27756,495,0,2,25,45
16234.9,494,0,2,10,45
34853,493,0,2,800,45
20085,492,0,2,100,45
16233.9,490,0,2,9,45
34846,489,0,2,600,45
14555.9,488,0,2,22,45
10166.1,487,0,2,140,45
27591.9,483,0,2,12,45
23235,482,0,2,18,45
16524.9,481,0,2,9,45
38989.9,480,0,2,8,45
20139,479,0,2,14,45
16232.9,476,0,2,9,45
16520.9,476,0,2,28,45
10261.1,475,0,2,120,45
34850,474,0,2,450,45
11229.1,470,0,2,150,45
14847.1,468,0,2,72,45
31303.9,468,0,2,32,45
38990.9,466,0,2,10,45
23320,466,0,2,16,45
28784,465,0,2,18,45
10146.1,463,0,2,120,45
21928,455,0,2,100,45
24217.9,454,0,2,5,45
31306.9,453,0,2,13,45
18079,452,0,2,18,45
20086,452,0,2,120,45
42504,450,0,2,70,45
11253.1,448,0,2,150,45
24215.9,447,0,2,11,45
11237.1,447,0,2,140,45
16523.9,446,0,2,12,45
24213.9,445,0,2,9,45
33884.9,445,0,2,14,45
38991.9,444,0,2,8,45
39952,443,0,2,700,45
27611.9,443,0,2,12,45
13140,442,0,2,8,45
37743,442,0,2,250,45
12155,441,0,2,7,45
12156,441,0,2,85,45
16525.9,441,0,2,10,45
13139,440,0,2,8,45
12160,439,0,2,7,45
12161,439,0,2,50,45
10141.1,439,0,2,140,45
20075,438,0,2,50,45
20068,437,0,2,20,45
28786,437,0,2,18,45
14849.1,436,0,2,70,45
38469,433,0,2,200,45
24214.9,433,0,2,10,45
12419,432,0,2,44,45
12691.9,432,0,2,34,45
31594.9,430,0,2,12,45
24216.9,429,0,2,12,45
38992.9,429,0,2,10,45
17479.9,429,0,2,40,45
23241,428,0,2,16,45
28782,427,0,2,28,45
33883.9,427,0,2,14,45
39206,426,0,2,125,45
11313,424,0,2,1000,45
16983,424,0,2,56,45
33869.9,424,0,2,10,45
31595.9,423,0,2,10,45
18084,423,0,2,18,45
19476,422,0,2,96,45
24218.9,420,0,2,6,45
32000,420,0,2,250,45
16231.9,420,0,2,9,45
24219.9,416,0,2,12,45
40116,414,0,2,230,45
11257.1,412,0,2,150,45
14848.1,412,0,2,72,45
31596.9,410,0,2,9,45
14845.1,407,0,2,72,45
16170.9,407,0,2,32,45
36041,406,0,2,900,45
36047,406,0,2,800,45
36066.9,406,0,2,175,45
31598.9,405,0,2,12,45
10161.1,403,0,2,120,45
22510,402,0,2,450,45
36042,401,0,2,900,45
24388,400,0,2,18,45
31302.9,400,0,2,42,45
31599.9,399,0,2,9,45
34852,398,0,2,450,45
40045,398,0,2,500,45
36043,397,0,2,900,45
37611,396,0,2,45,45
24220.9,395,0,2,10,45
27847,394,0,2,16,45
31597.9,394,0,2,10,45
12420,393,0,2,42,45
10156.1,391,0,2,140,45
33885.9,389,0,2,14,45
36048,386,0,2,800,45
39953,385,0,2,300,45
27846,383,0,2,12,45
31600.9,379,0,2,9,45
27895.9,375,0,2,15,45
27896.9,375,0,2,10,45
41620,374,0,2,18,45
41621,374,0,2,18,45
41622,374,0,2,18,45
18020.9,374,0,2,10,45
33868.9,374,0,2,9,45
24221.9,373,0,2,9,45
36049,372,0,2,800,45
36072.9,372,0,2,175,45
36085,369,0,2,1010,45
18085,369,0,2,18,45
31601.9,368,0,2,12,45
11241.1,368,0,2,140,45
11252.1,361,0,2,100,45
24222.9,360,0,2,13,45
11219.1,360,0,2,150,45
20697,360,0,2,80,45
20700,360,0,2,70,45
36073.9,359,0,2,175,45
23242,357,0,2,16,45
33672,353,0,2,648,45
14299.1,351,0,2,19,45
11242.1,350,0,2,140,45
31301.9,348,0,2,34,45
36074.9,347,0,2,175,45
33896.9,347,0,2,15,45
23243,343,0,2,18,45
24390,342,0,2,20,45
24223.9,341,0,2,10,45
42353,337,0,2,24,45
27898.9,336,0,2,15,45
10269.1,336,0,2,140,45
11228.1,335,0,2,150,45
24389,335,0,2,16,45
11258.1,334,0,2,150,45
12945,333,0,2,60,45
37741,330,0,2,250,45
27897.9,326,0,2,9,45
12946,326,0,2,60,45
24224.9,324,0,2,10,45
36067.9,324,0,2,175,45
12144.9,323,0,2,50,45
11236.1,322,0,2,140,45
20698,322,0,2,80,45
11243.1,321,0,2,140,45
20067,314,0,2,24,45
12635,312,0,2,44,45
27893.9,310,0,2,11,45
31914,310,0,2,175,45
27610.9,309,0,2,26,45
28785,307,0,2,16,45
27894.9,305,0,2,12,45
11259.1,305,0,2,140,45
10276.1,304,0,2,150,45
10277.1,303,0,2,150,45
12145.9,303,0,2,50,45
24225.9,301,0,2,12,45
27891.9,301,0,2,10,45
27892.9,301,0,2,10,45
12947,301,0,2,52,45
27899.9,300,0,2,12,45
27900.9,300,0,2,12,45
31948,300,0,2,1375,45
11215.9,298,0,2,105,45
31604.9,297,0,2,12,45
28783,296,0,2,16,45
30494.9,296,0,2,36,45
27901.9,295,0,2,15,45
27902.9,295,0,2,12,45
34183.9,294,0,2,9,45
34184.9,293,0,2,13,45
11220.1,292,0,2,150,45
20078.9,291,0,2,11,45
41450,290,0,2,250,45
33902,290,0,2,24,45
31605.9,289,0,2,10,45
31067,289,0,2,225,45
31602.9,288,0,2,10,45
31069,288,0,2,225,45
24226.9,287,0,2,10,45
38548,286,0,2,2000,45
34185.9,284,0,2,11,45
34186.9,284,0,2,10,45
34833,284,0,2,645,45
12129.9,282,0,2,175,45
34179.9,281,0,2,10,45
34180.9,281,0,2,11,45
31603.9,280,0,2,10,45
34181.9,280,0,2,13,45
34182.9,280,0,2,11,45
34828,280,0,2,1095,45
19490,280,0,2,24,45
11221.1,278,0,2,140,45
43939,278,0,2,400,45
14846.1,278,0,2,82,45
42352,276,0,2,26,45
33876,275,0,2,20,45
12130.9,274,0,2,210,45
12628.1,273,0,2,80,45
12146.9,271,0,2,50,45
34187.9,270,0,2,13,45
34188.9,270,0,2,10,45
34825,270,0,2,440,45
12143.9,269,0,2,54,45
34829,269,0,2,1095,45
23501.9,267,0,2,160,45
41358,266,0,2,0,45
31298.9,266,0,2,10,45
30493.9,265,0,2,40,45
31307.9,264,0,2,36,45
34827,262,0,2,1095,45
14275,261,0,2,8,45
14276,261,0,2,80,45
38545,260,0,2,18,45
30495.9,259,0,2,36,45
27848,258,0,2,12,45
38544,258,0,2,550,45
38546,258,0,2,600,45
19489,258,0,2,26,45
22305,256,0,2,18,45
27849,254,0,2,16,45
41759,254,0,2,2300,45
41850,254,0,2,2275,45
30496.9,254,0,2,36,45
33882.9,253,0,2,15,45
39673,252,0,2,4500,45
30497.9,252,0,2,36,45
27850,251,0,2,12,45
38542,251,0,2,1,45
38972.9,251,0,2,11,45
31380,250,0,2,1500,45
40127,250,0,2,0,45
34177.9,249,0,2,14,45
34178.9,249,0,2,10,45
11244.1,249,0,2,100,45
38537,249,0,2,20,45
38538,249,0,2,32,45
38539,249,0,2,15,45
38540,249,0,2,13,45
38543,249,0,2,2750,45
38618,249,0,2,2000,45
31299.9,248,0,2,14,45
36068.9,248,0,2,175,45
11245.1,247,0,2,140,45
27851,246,0,2,16,45
40125,241,0,2,0,45
23508.9,241,0,2,225,45
20685.9,240,0,2,260,45
41606,239,0,2,250,45
41634,239,0,2,250,45
12421,238,0,2,46,45
23319,238,0,2,17,45
34826,232,0,2,1095,45
24036,230,0,2,175,45
23509.9,230,0,2,225,45
23502.9,228,0,2,160,45
30498.9,228,0,2,36,45
27609.9,226,0,2,34,45
12131.9,225,0,2,200,45
10275.1,222,0,2,80,45
24393,222,0,2,18,45
27689.9,220,0,2,10,45
24392,220,0,2,16,45
31300.9,220,0,2,12,45
23246.9,219,0,2,12,45
23503.9,218,0,2,110,45
27691.9,217,0,2,10,45
19495,216,0,2,88,45
11661,215,0,2,8,45
11662,215,0,2,120,45
13387,215,0,2,8,45
12142.9,213,0,2,60,45
39461,213,0,2,35,45
27690.9,210,0,2,14,45
27692.9,210,0,2,13,45
20066,209,0,2,30,45
36051,208,0,2,300,45
34830,207,0,2,775,45
20111.9,207,0,2,21,45
26180,205,0,2,3,45
26527,205,0,2,225,45
23321,205,0,2,16,45
20107.9,204,0,2,11,45
34831,202,0,2,775,45
20079.9,202,0,2,10,45
23510.9,202,0,2,225,45
12128.9,201,0,2,175,45
39951,199,0,2,200,45
10270.1,198,0,2,140,45
20687.9,198,0,2,200,45
34832,197,0,2,775,45
41449,195,0,2,250,45
14319,193,0,2,12,45
16514.9,192,0,2,9,45
20093,192,0,2,80,45
33873.9,190,0,2,9,45
18018.9,189,0,2,14,45
16978.9,187,0,2,100,45
12416,186,0,2,44,45
20686.9,186,0,2,260,45
14425,185,0,2,80,45
36052,184,0,2,300,45
11218.9,182,0,2,75,45
40126,182,0,2,0,45
16979.9,182,0,2,100,45
11213.9,180,0,2,135,45
16980.9,180,0,2,100,45
10271.1,179,0,2,140,45
20082.9,179,0,2,24,45
12631.9,178,0,2,30,45
31261,178,0,2,300,45
12996.9,177,0,2,30,45
20080.9,177,0,2,10,45
38549,176,0,2,1700,45
14322,175,0,2,19,45
27693.9,174,0,2,10,45
27694.9,173,0,2,13,45
31308.9,171,0,2,50,45
30719,170,0,2,48,45
12632.9,170,0,2,30,45
27603.9,168,0,2,32,45
19478,166,0,2,100,45
31606.9,165,0,2,10,45
39990.9,164,0,2,0,45
39991.9,164,0,2,0,45
31607.9,162,0,2,12,45
30720,161,0,2,50,45
12948,160,0,2,66,45
14424,158,0,2,70,45
38885,158,0,2,1756,45
16513.9,158,0,2,9,45
38768.9,157,0,2,11,45
36050,157,0,2,300,45
38767.9,156,0,2,8,45
31073,156,0,2,2100,45
39986.9,155,0,2,0,45
39987.9,155,0,2,0,45
39992.9,155,0,2,0,45
39993.9,155,0,2,0,45
12141.9,155,0,2,62,45
39984.9,154,0,2,0,45
39985.9,154,0,2,0,45
12147.9,154,0,2,68,45
12995.9,154,0,2,34,45
31039,154,0,2,80,45
18019.9,154,0,2,9,45
41470,153,0,2,750,45
12132.9,152,0,2,180,45
16515.9,152,0,2,9,45
38973.9,152,0,2,11,45
38769.9,151,0,2,9,45
38770.9,151,0,2,11,45
38771.9,151,0,2,8,45
38772.9,151,0,2,11,45
38974.9,151,0,2,11,45
39998,150,0,2,0,45
39999,150,0,2,0,45
40008,150,0,2,0,45
11212.9,150,0,2,105,45
12633.9,150,0,2,20,45
17553,150,0,2,250,45
29604,150,0,2,1650,45
31724,150,0,2,300,45
19433,150,0,2,100,45
16516.9,149,0,2,9,45
41474,148,0,2,900,45
20113.9,148,0,2,20,45
39982.9,147,0,2,0,45
39983.9,147,0,2,0,45
23247.9,147,0,2,12,45
28788,147,0,2,16,45
41469,146,0,2,750,45
41471,145,0,2,750,45
20112.9,145,0,2,21,45
12415,144,0,2,62,45
31041,144,0,2,100,45
12127.9,143,0,2,110,45
31075,143,0,2,2100,45
34124,143,0,2,150,45
38883,143,0,2,200,45
38888,143,0,2,100,45
20110.9,143,0,2,12,45
33897,143,0,2,20,45
31071,142,0,2,2100,45
31079,142,0,2,2100,45
41468,142,0,2,750,45
20081.9,142,0,2,24,45
11216.9,141,0,2,104,45
31037,141,0,2,80,45
31040,141,0,2,75,45
33881.9,141,0,2,19,45
20688.9,140,0,2,225,45
31309.9,140,0,2,38,45
31074,139,0,2,2100,45
27604.9,139,0,2,34,45
12630.1,138,0,2,100,45
31045,138,0,2,100,45
11233.1,136,0,2,140,45
19431,135,0,2,96,45
23248.9,135,0,2,11,45
20094,134,0,2,80,45
31608.9,133,0,2,9,45
31072,133,0,2,2100,45
19432,132,0,2,100,45
31038,131,0,2,80,45
33886.9,131,0,2,14,45
23249.9,130,0,2,12,45
36537,129,0,2,200,45
16981.9,129,0,2,110,45
11217.9,128,0,2,105,45
31048,128,0,2,90,45
41760,127,0,2,250,45
20109.9,127,0,2,10,45
31610.9,126,0,2,8,45
41473,125,0,2,900,45
28789,125,0,2,20,45
30499.9,125,0,2,36,45
12414,124,0,2,74,45
31077,124,0,2,2100,45
31609.9,123,0,2,10,45
31043,123,0,2,90,45
31078,123,0,2,2100,45
20108.9,122,0,2,10,45
31044,121,0,2,120,45
31076,121,0,2,2100,45
41467,121,0,2,750,45
30715,120,0,2,40,45
31611.9,120,0,2,10,45
12148.9,120,0,2,56,45
31042,120,0,2,75,45
39988.9,119,0,2,0,45
39989.9,119,0,2,0,45
41466,119,0,2,750,45
20083.9,118,0,2,20,45
27605.9,118,0,2,38,45
20095,117,0,2,80,45
33874.9,117,0,2,10,45
27818,116,0,2,250,45
31050,116,0,2,120,45
31059,116,0,2,80,45
19494,116,0,2,88,45
39996,115,0,2,0,45
39997,115,0,2,0,45
40007,115,0,2,0,45
31046,115,0,2,90,45
19496,115,0,2,80,45
31054,114,0,2,100,45
41757,114,0,2,32,45
14556.9,114,0,2,220,45
28788.9,114,0,2,20,45
11234.1,113,0,2,140,45
31049,113,0,2,120,45
42385,113,0,2,1000,45
20105.9,112,0,2,30,45
20106.9,112,0,2,22,45
27904.9,111,0,2,13,45
30717,111,0,2,50,45
27903.9,110,0,2,10,45
30716,110,0,2,70,45
26179,110,0,2,6,45
20137.9,109,0,2,11,45
33875.9,109,0,2,10,45
10149.9,108,0,2,110,45
30718,107,0,2,48,45
31047,107,0,2,90,45
28787,107,0,2,14,45
31061,106,0,2,100,45
38884,106,0,2,225,45
38889,106,0,2,100,45
20069.9,106,0,2,9,45
33888.9,106,0,2,13,45
12126.9,105,0,2,150,45
12133.9,105,0,2,190,45
12149.9,105,0,2,54,45
37742,105,0,2,250,45
12629.1,104,0,2,100,45
26178,104,0,2,20,45
28784.9,104,0,2,19,45
28787.9,104,0,2,18,45
31057,103,0,2,80,45
28785.9,103,0,2,20,45
33887.9,102,0,2,14,45
12947.9,101,0,2,50,45
27907.9,100,0,2,10,45
27908.9,100,0,2,13,45
10154.9,100,0,2,110,45
31060,100,0,2,80,45
31065,100,0,2,80,45
10148.9,99,0,2,130,45
12946.9,99,0,2,56,45
23318,99,0,2,16,45
28782.9,99,0,2,22,45
28789.9,99,0,2,23,45
27905.9,97,0,2,10,45
27906.9,97,0,2,13,45
10144.9,97,0,2,105,45
31052,97,0,2,90,45
31053,97,0,2,120,45
20073.9,96,0,2,11,45
10153.9,95,0,2,110,45
23990,95,0,2,9,45
39946,95,0,2,150,45
39947,95,0,2,175,45
41605,95,0,2,250,45
14865.9,95,0,2,110,45
10150.9,94,0,2,110,45
31051,94,0,2,75,45
28786.9,94,0,2,22,45
12422.9,93,0,2,60,45
31058,93,0,2,80,45
31063,93,0,2,100,45
12634.9,92,0,2,30,45
40170,92,0,2,0,45
40171,92,0,2,0,45
40172,92,0,2,0,45
40173,92,0,2,0,45
31064,92,0,2,90,45
10143.9,91,0,2,150,45
10164.9,91,0,2,120,45
12948.9,91,0,2,50,45
11226.1,90,0,2,150,45
31062,90,0,2,100,45
20072.9,90,0,2,12,45
31036,89,0,2,650,45
41600,89,0,2,100,45
41631,89,0,2,1237,45
23229.9,89,0,2,10,45
23231.9,89,0,2,12,45
14866.9,88,0,2,110,45
19426.9,88,0,2,8,45
20077.9,88,0,2,11,45
20099.9,88,0,2,11,45
20136.9,88,0,2,24,45
20689.9,88,0,2,200,45
12625.9,87,0,2,135,45
41602,87,0,2,100,45
41633,87,0,2,1237,45
33901,86,0,2,36,45
10155.9,85,0,2,130,45
14867.9,85,0,2,110,45
12134.9,84,0,2,190,45
34986,84,0,2,75,45
41754,84,0,2,225,45
23230.9,83,0,2,11,45
10145.9,82,0,2,100,45
19425.9,82,0,2,9,45
20135.9,82,0,2,28,45
27606.9,82,0,2,34,45
20087,81,0,2,110,45
23245.9,81,0,2,26,45
28783.9,81,0,2,18,45
33898,81,0,2,20,45
11214.9,80,0,2,125,45
30501.9,80,0,2,36,45
11235.1,79,0,2,140,45
20097.9,79,0,2,10,45
30500.9,79,0,2,36,45
13001,78,0,2,72,45
31086,78,0,2,2175,45
36970,78,0,2,520,45
23505.9,78,0,2,160,45
10158.9,77,0,2,110,45
14868.9,77,0,2,110,45
20098.9,77,0,2,12,45
10152.9,76,0,2,110,45
10163.9,76,0,2,95,45
20074.9,76,0,2,12,45
20096.9,76,0,2,11,45
23244.9,75,0,2,30,45
23504.9,75,0,2,140,45
10159.9,74,0,2,95,45
10165.9,73,0,2,110,45
34983,73,0,2,100,45
35007,73,0,2,250,45
20100.9,73,0,2,11,45
10142.9,72,0,2,138,45
11225.1,72,0,2,140,45
42317,71,0,2,16,45
42318,71,0,2,14,45
10147.9,71,0,2,110,45
10160.9,71,0,2,110,45
10168.9,71,0,2,110,45
26138,71,0,2,120,45
26140,71,0,2,450,45
26141,71,0,2,250,45
27771,71,0,2,4200,45
14869.9,71,0,2,110,45
23250.9,71,0,2,24,45
40289,70,0,2,36,45
40290,70,0,2,28,45
40291,70,0,2,12,45
23506.9,70,0,2,110,45
12154,68,0,2,52,45
40174,68,0,2,0,45
40175,68,0,2,0,45
19427.9,68,0,2,9,45
20070.9,68,0,2,9,45
20071.9,68,0,2,10,45
33899.9,68,0,2,12,45
42319,67,0,2,34,45
10169.9,67,0,2,110,45
19429.9,67,0,2,22,45
20101.9,67,0,2,13,45
34697,66,0,2,220,45
34698,66,0,2,220,45
20141.9,66,0,2,24,45
27607.9,66,0,2,38,45
11246.9,65,0,2,135,45
11254.9,65,0,2,135,45
12976.9,65,0,2,150,45
31084,64,0,2,2175,45
12626.9,63,0,2,150,45
41601,63,0,2,100,45
41632,63,0,2,1237,45
14598.9,63,0,2,250,45
14870.9,63,0,2,110,45
20103.9,63,0,2,11,45
20701,63,0,2,64,45
10157.9,62,0,2,110,45
10170.9,62,0,2,130,45
12140.9,62,0,2,60,45
34985,62,0,2,100,45
11230.9,61,0,2,110,45
11231.9,61,0,2,110,45
11255.9,61,0,2,53,45
31019,61,0,2,1000,45
31021,61,0,2,1000,45
19487.9,61,0,2,12,45
20690.9,61,0,2,200,45
11238.9,60,0,2,100,45
14844.9,60,0,2,165,45
23252.9,60,0,2,25,45
11239.9,59,0,2,110,45
13000,59,0,2,72,45
31020,59,0,2,1000,45
20068.9,59,0,2,12,45
20142.9,59,0,2,22,45
10162.9,58,0,2,110,45
11227.1,58,0,2,140,45
12636.9,58,0,2,32,45
19428.9,58,0,2,18,45
19430.9,58,0,2,21,45
20102.9,58,0,2,11,45
20702,58,0,2,68,45
31900.9,57,0,2,10,45
11240.9,57,0,2,104,45
31017,57,0,2,1000,45
20104.9,57,0,2,14,45
20693,57,0,2,108,45
34189.9,56,0,2,10,45
10167.9,56,0,2,110,45
11247.9,56,0,2,135,45
16982.9,56,0,2,100,45
33895.9,56,0,2,22,45
34190.9,55,0,2,12,45
11256.9,55,0,2,110,45
12975.9,55,0,2,2,45
31018,55,0,2,1000,45
31025,55,0,2,1000,45
20694,55,0,2,90,45
11232.9,54,0,2,50,45
38551,54,0,2,660,45
20143.9,54,0,2,20,45
20692,54,0,2,108,45
32183.9,54,0,2,15,45
34193.9,53,0,2,9,45
34194.9,53,0,2,12,45
10151.9,53,0,2,110,45
37745,53,0,2,250,45
31901.9,52,0,2,14,45
11229.9,52,0,2,110,45
11237.9,52,0,2,140,45
34984,52,0,2,100,45
23251.9,52,0,2,26,45
11248.9,51,0,2,105,45
12125.9,51,0,2,103,45
27986,51,0,2,200,45
35010,51,0,2,250,45
38788,51,0,2,115,45
41597,51,0,2,85,45
41628,51,0,2,1900,45
20691,51,0,2,100,45
34191.9,50,0,2,10,45
34192.9,50,0,2,12,45
12627.9,50,0,2,150,45
12635.9,50,0,2,40,45
19424.9,50,0,2,9,45
27602.9,50,0,2,40,45
32182.9,50,0,2,16,45
11253.9,49,0,2,100,45
19422.9,49,0,2,28,45
32175.9,49,0,2,24,45
11250.1,48,0,2,140,45
41595,48,0,2,85,45
41596,48,0,2,85,45
41598,48,0,2,85,45
41599,48,0,2,100,45
41626,48,0,2,1900,45
41627,48,0,2,1900,45
41629,48,0,2,1900,45
41630,48,0,2,1900,45
23228.9,48,0,2,11,45
27601.9,48,0,2,36,45
32176.9,48,0,2,24,45
33894.9,48,0,2,20,45
38520.9,47,0,2,9,45
12422,47,0,2,44,45
41465,47,0,2,100,45
41625,47,0,2,1900,45
27608.9,47,0,2,40,45
23227.9,46,0,2,10,45
32184.9,46,0,2,15,45
38521.9,45,0,2,8,45
43232,45,0,2,60,45
15044.9,45,0,2,220,45
10141.9,44,0,2,78,45
10146.9,44,0,2,110,45
23226.9,44,0,2,14,45
14423,43,0,2,70,45
41755,43,0,2,200,45
16983.9,43,0,2,100,45
36053,42,0,2,300,45
36054,42,0,2,300,45
38791,42,0,2,115,45
20075.9,42,0,2,24,45
20076.9,42,0,2,22,45
23240.9,42,0,2,30,45
33900,42,0,2,30,45
10166.9,41,0,2,110,45
11222.9,41,0,2,140,45
36055,41,0,2,300,45
15045.9,41,0,2,200,45
27600.9,41,0,2,38,45
32174.9,41,0,2,24,45
31022,40,0,2,1000,45
31080,40,0,2,36,45
37744,40,0,2,250,45
38533,40,0,2,125,45
14847.9,40,0,2,135,45
14848.9,40,0,2,125,45
31898.9,39,0,2,14,45
31899.9,39,0,2,10,45
42354,39,0,2,0,45
42355,39,0,2,0,45
31085,39,0,2,3000,45
19423.9,39,0,2,18,45
31902.9,38,0,2,11,45
23238.9,38,0,2,32,45
31903.9,37,0,2,12,45
18074.9,37,0,2,10,45
10156.9,36,0,2,110,45
12628.9,36,0,2,120,45
39106.9,36,0,2,18,45
39107.9,36,0,2,18,45
38790,36,0,2,115,45
19486.9,36,0,2,11,45
21951.9,36,0,2,8,45
23233.9,36,0,2,12,45
23239.9,36,0,2,30,45
31896.9,35,0,2,11,45
31897.9,35,0,2,11,45
31904.9,35,0,2,13,45
31905.9,35,0,2,12,45
38518.9,35,0,2,9,45
10264.9,35,0,2,110,45
11236.9,35,0,2,110,45
12139.1,35,0,2,60,45
12418.9,35,0,2,60,45
31033,35,0,2,800,45
38882,35,0,2,225,45
38887,35,0,2,100,45
14845.9,35,0,2,150,45
20696,35,0,2,100,45
14282,34,0,2,90,45
11223.9,34,0,2,104,45
12138.1,34,0,2,60,45
12945.9,34,0,2,52,45
16915,34,0,2,200,45
14849.9,34,0,2,125,45
18075.9,34,0,2,9,45
10161.9,33,0,2,110,45
10265.9,33,0,2,110,45
10266.9,33,0,2,110,45
12153,33,0,2,42,45
39104.9,33,0,2,18,45
39105.9,33,0,2,18,45
38786,33,0,2,115,45
38787,33,0,2,115,45
14846.9,33,0,2,110,45
18076.9,33,0,2,9,45
21952.9,33,0,2,11,45
23232.9,33,0,2,13,45
23234.9,33,0,2,14,45
11228.9,32,0,2,130,45
12417.9,32,0,2,50,45
39102.9,32,0,2,18,45
39103.9,32,0,2,16,45
31023,32,0,2,1000,45
31028,32,0,2,800,45
31083,32,0,2,3000,45
19488.9,32,0,2,26,45
20138.9,32,0,2,10,45
10263.9,31,0,2,120,45
11252.9,31,0,2,104,45
31024,31,0,2,1000,45
19479,31,0,2,88,45
20088,31,0,2,92,45
20089,31,0,2,88,45
21954.9,31,0,2,26,45
39994.9,30,0,2,0,45
39995.9,30,0,2,0,45
10260.9,30,0,2,110,45
31032,30,0,2,800,45
32177.9,30,0,2,21,45
10268.9,29,0,2,110,45
11221.9,29,0,2,105,45
31342,29,0,2,1250,45
19485.9,29,0,2,12,45
20140.9,29,0,2,10,45
10267.9,28,0,2,110,45
11220.9,28,0,2,104,45
11249.1,28,0,2,120,45
12420.9,28,0,2,50,45
31335,28,0,2,1250,45
38664,28,0,2,115,45
38789,28,0,2,140,45
18077.9,28,0,2,8,45
21950.9,28,0,2,12,45
28793,28,0,2,14,45
11224.9,27,0,2,105,45
31334,27,0,2,1250,45
38550,27,0,2,440,45
20067.9,27,0,2,10,45
11245.9,26,0,2,125,45
38785,26,0,2,115,45
20695,26,0,2,100,45
21930.9,26,0,2,13,45
28792,26,0,2,12,45
10261.9,25,0,1,90,45
12137.1,25,0,1,60,45
40288,25,0,1,10,45
40294,25,0,1,32,45
40298,25,0,1,1,45
21953.9,25,0,1,12,45
28794,25,0,1,14,45
12419.9,24,0,1,60,45
40286,24,0,1,20,45
40292,24,0,1,25,45
40295,24,0,1,0,45
40296,24,0,1,1,45
40299,24,0,1,1,45
18078.9,24,0,1,8,45
20066.9,24,0,1,11,45
21949.9,24,0,1,26,45
21956.9,24,0,1,24,45
10262.9,23,0,1,110,45
10272.9,23,0,1,110,45
18079.9,23,0,1,9,45
21933.9,23,0,1,11,45
21955.9,23,0,1,27,45
31906.9,22,0,1,10,45
31907.9,22,0,1,12,45
10275.9,22,0,1,110,45
31026,22,0,1,800,45
31030,22,0,1,800,45
31031,22,0,1,800,45
35009,22,0,1,250,45
21934.9,22,0,1,10,45
23320.9,22,0,1,11,45
24403.9,21,0,1,12,45
24404.9,21,0,1,12,45
31894.9,21,0,1,13,45
31895.9,21,0,1,13,45
38519.9,21,0,1,9,45
42317.9,21,0,1,8,45
42318.9,21,0,1,8,45
10273.9,21,0,1,110,45
11244.9,21,0,1,110,45
12629.9,21,0,1,110,45
40287,21,0,1,12,45
40293,21,0,1,0,45
40297,21,0,1,1,45
31081,21,0,1,36,45
34504,21,0,1,44,45
20139.9,21,0,1,10,45
20699.9,21,0,1,200,45
21935.9,21,0,1,12,45
21936.9,21,0,1,13,45
21939.9,21,0,1,36,45
21948.9,21,0,1,30,45
32178.9,21,0,1,22,45
10269.9,20,0,1,110,45
10274.9,20,0,1,110,45
10276.9,20,0,1,100,45
10277.9,20,0,1,110,45
12152,20,0,1,42,45
12421.9,20,0,1,60,45
21932.9,20,0,1,10,45
28793.9,20,0,1,17,45
18080.9,19,0,1,36,45
21942.9,19,0,1,30,45
21943.9,19,0,1,30,45
23319.9,19,0,1,11,45
32179.9,19,0,1,21,45
32185.9,19,0,1,12,45
12630.9,18,0,1,100,45
21944.9,18,0,1,36,45
28792.9,18,0,1,20,45
11251.1,17,0,1,150,45
38511,17,0,1,1,45
21937.9,17,0,1,12,45
21938.9,17,0,1,14,45
21941.9,17,0,1,36,45
28790.9,17,0,1,22,45
28791.9,17,0,1,18,45
28794.9,17,0,1,22,45
32186.9,17,0,1,15,45
32187.9,17,0,1,18,45
12136.1,16,0,1,70,45
13000.9,16,0,1,60,45
19489.9,16,0,1,27,45
20698.9,16,0,1,200,45
21931.9,16,0,1,10,45
21945.9,16,0,1,34,45
23321.9,16,0,1,10,45
10271.9,15,0,1,110,45
11219.9,15,0,1,125,45
11257.9,15,0,1,105,45
34988,15,0,1,55,45
34999,15,0,1,700,45
42343,15,0,1,250,45
18081.9,15,0,1,34,45
20084.9,15,0,1,220,45
20090.9,15,0,1,300,45
20091.9,15,0,1,200,45
20092.9,15,0,1,200,45
21947.9,15,0,1,36,45
24405.9,14,0,1,14,45
24406.9,14,0,1,11,45
10270.9,14,0,1,110,45
11241.9,14,0,1,110,45
11242.9,14,0,1,104,45
12416.9,14,0,1,60,45
13001.9,14,0,1,64,45
34990,14,0,1,75,45
35001,14,0,1,700,45
38514,14,0,1,1,45
41758,14,0,1,300,45
42340,14,0,1,250,45
42342,14,0,1,250,45
42344,14,0,1,250,45
42345,14,0,1,250,45
42346,14,0,1,250,45
42348,14,0,1,250,45
18082.9,14,0,1,36,45
19484.9,14,0,1,13,45
20697.9,14,0,1,260,45
20700.9,14,0,1,200,45
21940.9,14,0,1,32,45
21946.9,14,0,1,32,45
23237.9,14,0,1,36,45
32181.9,14,0,1,17,45
24395.9,13,0,1,14,45
24396.9,13,0,1,13,45
24397.9,13,0,1,11,45
24398.9,13,0,1,12,45
11258.9,13,0,1,100,45
18380,13,0,1,1000,45
39948,13,0,1,1,45
42341,13,0,1,250,45
42347,13,0,1,250,45
18083.9,13,0,1,30,45
20085.9,13,0,1,250,45
20086.9,13,0,1,220,45
23242.9,13,0,1,30,45
31910.9,12,0,1,10,45
31911.9,12,0,1,12,45
11233.9,12,0,1,110,45
11234.9,12,0,1,100,45
11243.9,12,0,1,105,45
34991,12,0,1,60,45
35002,12,0,1,700,45
38512,12,0,1,1,45
19490.9,12,0,1,24,45
20701.9,12,0,1,200,45
23236.9,12,0,1,32,45
32180.9,12,0,1,18,45
33897.9,12,0,1,39,45
31908.9,11,0,1,11,45
31909.9,11,0,1,12,45
11226.9,11,0,1,105,45
11235.9,11,0,1,120,45
12414.9,11,0,1,50,45
23774,11,0,1,1025,45
31916,11,0,1,900,45
34987,11,0,1,70,45
34995,11,0,1,70,45
34998,11,0,1,550,45
35008,11,0,1,250,45
35011,11,0,1,250,45
39949,11,0,1,1,45
19492.9,11,0,1,165,45
19493.9,11,0,1,165,45
20691.9,11,0,1,160,45
20702.9,11,0,1,200,45
23243.9,11,0,1,34,45
11259.9,10,0,1,90,45
12153.9,10,0,1,54,45
23776,10,0,1,3075,45
23779,10,0,1,1025,45
30006,10,0,1,1025,45
31082,10,0,1,36,45
34989,10,0,1,60,45
35000,10,0,1,700,45
35006,10,0,1,550,45
19477.9,10,0,1,165,45
19482.9,10,0,1,28,45
20692.9,10,0,1,160,45
23235.9,10,0,1,32,45
28790,10,0,1,24,45
28791,10,0,1,14,45
32172.9,10,0,1,29,45
32173.9,10,0,1,25,45
24401.9,9,0,1,10,45
24402.9,9,0,1,14,45
11225.9,9,0,1,110,45
12415.9,9,0,1,60,45
43233,9,0,1,1,45
19483.9,9,0,1,26,45
19494.9,9,0,1,165,45
20693.9,9,0,1,160,45
23241.9,9,0,1,30,45
11250.9,8,0,1,105,45
12139.9,8,0,1,100,45
12154.9,8,0,1,54,45
23778,8,0,1,1025,45
33671,8,0,1,450,45
19475.9,8,0,1,10,45
19476.9,8,0,1,165,45
19491.9,8,0,1,165,45
19496.9,8,0,1,165,45
33898.9,8,0,1,30,45
24399.9,7,0,1,15,45
24400.9,7,0,1,10,45
11227.9,7,0,1,120,45
11249.9,7,0,1,105,45
12138.9,7,0,1,104,45
19495.9,7,0,1,165,45
20095.9,7,0,1,220,45
20694.9,7,0,1,110,45
39998.9,6,0,1,0,45
39999.9,6,0,1,0,45
12137.9,6,0,1,105,45
12152.9,6,0,1,50,45
23775,6,0,1,1025,45
30005,6,0,1,1025,45
38874,6,0,1,300,45
18084.9,6,0,1,30,45
18085.9,6,0,1,32,45
23318.9,6,0,1,13,45
27848.9,5,0,1,10,45
27849.9,5,0,1,12,45
27850.9,5,0,1,9,45
27851.9,5,0,1,12,45
11251.9,5,0,1,110,45
33950,5,0,1,84,45
34004,5,0,1,54,45
23777,5,0,1,1025,45
30007,5,0,1,1025,45
34992,5,0,1,75,45
35003,5,0,1,700,45
19434,5,0,1,96,45
19471.9,5,0,1,10,45
19472.9,5,0,1,10,45
19474.9,5,0,1,10,45
20695.9,5,0,1,110,45
20696.9,5,0,1,110,45
22162.9,5,0,1,30,45
23511.9,5,0,1,110,45
39996.9,4,0,1,0,45
39997.9,4,0,1,0,45
12135.1,4,0,1,120,45
12135.9,4,0,1,50,45
12136.9,4,0,1,157,45
12151,4,0,1,42,45
33935,4,0,1,64,45
33942,4,0,1,84,45
33951,4,0,1,84,45
33983,4,0,1,54,45
40170.9,4,0,1,0,45
40171.9,4,0,1,0,45
40172.9,4,0,1,0,45
40173.9,4,0,1,0,45
34532,4,0,1,75,45
34993,4,0,1,75,45
35004,4,0,1,700,45
38513,4,0,1,1,45
19467.9,4,0,1,10,45
19469.9,4,0,1,10,45
19481,4,0,1,70,45
20093.9,4,0,1,220,45
20094.9,4,0,1,250,45
22160.9,4,0,1,36,45
22165.9,4,0,1,32,45
12150,3,0,1,60,45
12150.9,3,0,1,68,45
12151.9,3,0,1,50,45
33921,3,0,1,64,45
33937,3,0,1,64,45
33943,3,0,1,84,45
33944,3,0,1,84,45
33945,3,0,1,84,45
33946,3,0,1,84,45
33947,3,0,1,84,45
33948,3,0,1,84,45
33949,3,0,1,84,45
33952,3,0,1,84,45
33953,3,0,1,84,45
33954,3,0,1,84,45
33955,3,0,1,84,45
33956,3,0,1,84,45
33957,3,0,1,64,45
33958,3,0,1,64,45
33959,3,0,1,64,45
33960,3,0,1,64,45
33961,3,0,1,64,45
33962,3,0,1,64,45
33963,3,0,1,64,45
33964,3,0,1,64,45
33965,3,0,1,64,45
33966,3,0,1,64,45
33967,3,0,1,64,45
33968,3,0,1,64,45
33969,3,0,1,64,45
33970,3,0,1,64,45
33971,3,0,1,64,45
33972,3,0,1,64,45
33973,3,0,1,64,45
33974,3,0,1,64,45
33975,3,0,1,64,45
33976,3,0,1,64,45
33977,3,0,1,54,45
33978,3,0,1,54,45
33979,3,0,1,54,45
33980,3,0,1,54,45
33981,3,0,1,54,45
33982,3,0,1,54,45
33984,3,0,1,54,45
33985,3,0,1,54,45
33986,3,0,1,54,45
40174.9,3,0,1,0,45
40175.9,3,0,1,0,45
19436,3,0,1,96,45
19470.9,3,0,1,10,45
19480,3,0,1,100,45
19481.9,3,0,1,165,45
22159.9,3,0,1,32,45
22166.9,3,0,1,36,45
23513.9,3,0,1,110,45
12413,2,0,1,70,45
12413.9,2,0,1,64,45
33916,2,0,1,64,45
33925,2,0,1,64,45
34007,2,0,1,54,45
34008,2,0,1,54,45
34009,2,0,1,54,45
34010,2,0,1,54,45
34011,2,0,1,54,45
34012,2,0,1,54,45
34013,2,0,1,54,45
34014,2,0,1,54,45
34015,2,0,1,54,45
34016,2,0,1,54,45
34385,2,0,1,220,45
34390,2,0,1,250,45
34395,2,0,1,150,45
34396,2,0,1,300,45
34530,2,0,1,225,45
34531,2,0,1,220,45
34994,2,0,1,100,45
34997,2,0,1,2000,45
35005,2,0,1,700,45
42332,2,0,1,70,45
42349,2,0,1,250,45
42497,2,0,1,60,45
42498,2,0,1,60,45
43942,2,0,1,440,45
19432.9,2,0,1,150,45
19468.9,2,0,1,10,45
19473.9,2,0,1,10,45
19480.9,2,0,1,165,45
20087.9,2,0,1,250,45
20089.9,2,0,1,220,45
22158.9,2,0,1,36,45
22161.9,2,0,1,28,45
22163.9,2,0,1,32,45
22164.9,2,0,1,32,45
30722,1,0,1,50,45
33917,1,0,1,64,45
33918,1,0,1,64,45
33919,1,0,1,64,45
33920,1,0,1,64,45
33922,1,0,1,64,45
33923,1,0,1,64,45
33924,1,0,1,64,45
33926,1,0,1,64,45
33927,1,0,1,64,45
33928,1,0,1,64,45
33929,1,0,1,64,45
33930,1,0,1,64,45
33931,1,0,1,64,45
33932,1,0,1,64,45
33933,1,0,1,64,45
33934,1,0,1,64,45
33936,1,0,1,64,45
33938,1,0,1,64,45
33939,1,0,1,64,45
33940,1,0,1,64,45
33941,1,0,1,64,45
33632,1,0,1,150,45
34389,1,0,1,300,45
34535,1,0,1,175,45
34538,1,0,1,100,45
34540,1,0,1,80,45
34541,1,0,1,80,45
34546,1,0,1,1000,45
34549,1,0,1,1000,45
34551,1,0,1,1000,45
34552,1,0,1,1000,45
34996,1,0,1,200,45
43245,1,0,1,1,45
19433.9,1,0,1,160,45
19436.9,1,0,1,150,45
19478.9,1,0,1,165,45
19479.9,1,0,1,165,45
20088.9,1,0,1,250,45
23512.9,1,0,1,110,45
3126,0,0,1,100,45
8652,0,0,1,10,45
9567,0,0,1,9,45
11380,0,0,1,1,45
11552,0,0,1,1,45
11620,0,0,1,1,45
11657,0,0,1,6,45
11658,0,0,1,6,45
11854,0,0,1,6,45
14274,0,0,1,6,45
14278,0,0,1,6,45
14280,0,0,1,6,45
14285,0,0,1,1,45
14286,0,0,1,1,45
14287,0,0,1,1,45
14291,0,0,1,1,45
14293,0,0,1,1,45
14295,0,0,1,1,45
14296,0,0,1,9,45
14298,0,0,1,1,45
14299,0,0,1,12,45
14320,0,0,1,9,45
14321,0,0,1,1,45
14323,0,0,1,1,45
14346,0,0,1,1,45
14347,0,0,1,1,45
14348,0,0,1,1,45
14351,0,0,1,1,45
14390,0,0,1,1,45
14391,0,0,1,1,45
29923,0,0,1,100,45
31648,0,0,1,6,45
31968,0,0,1,12,45
27846.9,0,0,1,9,45
27847.9,0,0,1,10,45
30721,0,0,1,50,45
30723,0,0,1,48,45
41001,0,0,1,0,45
41001.9,0,0,1,0,45
41002,0,0,1,0,45
41002.9,0,0,1,0,45
41003,0,0,1,0,45
42529.9,0,0,1,0,45
42530.9,0,0,1,0,45
42531.9,0,0,1,0,45
42532.9,0,0,1,0,45
42533.9,0,0,1,0,45
42534.9,0,0,1,0,45
42535.9,0,0,1,0,45
42536.9,0,0,1,0,45
5920,0,0,1,5,45
5921,0,0,1,1,45
5922,0,0,1,9999,45
33987,0,0,1,54,45
33988,0,0,1,54,45
33989,0,0,1,54,45
33990,0,0,1,54,45
33991,0,0,1,54,45
33992,0,0,1,54,45
33993,0,0,1,54,45
33994,0,0,1,54,45
33995,0,0,1,54,45
33996,0,0,1,54,45
33997,0,0,1,54,45
33998,0,0,1,54,45
33999,0,0,1,54,45
34000,0,0,1,54,45
34001,0,0,1,54,45
34002,0,0,1,54,45
34003,0,0,1,54,45
34005,0,0,1,54,45
34006,0,0,1,54,45
21566,0,0,1,1,45
24019,0,0,1,525,45
26172,0,0,1,25,45
26173,0,0,1,25,45
26174,0,0,1,25,45
26175,0,0,1,100,45
26176,0,0,1,100,45
26177,0,0,1,100,45
27035,0,0,1,400,45
28795,0,0,1,775,45
29377,0,0,1,275,45
29542,0,0,1,100,45
29929,0,0,1,700,45
30778,0,0,1,400,45
31677,0,0,1,1,45
31678,0,0,1,1,45
31679,0,0,1,1,45
31680,0,0,1,1,45
31681,0,0,1,1,45
31682,0,0,1,1,45
31683,0,0,1,1,45
31684,0,0,1,1,45
31685,0,0,1,1,45
31686,0,0,1,1,45
31687,0,0,1,1,45
31688,0,0,1,1,45
31689,0,0,1,1,45
31690,0,0,1,1,45
31691,0,0,1,1,45
31692,0,0,1,1,45
31693,0,0,1,1,45
31694,0,0,1,1,45
31695,0,0,1,1,45
31696,0,0,1,1,45
31697,0,0,1,1,45
31698,0,0,1,1,45
31699,0,0,1,1,45
31700,0,0,1,1,45
31701,0,0,1,1,45
31702,0,0,1,1,45
31703,0,0,1,1,45
31704,0,0,1,1,45
31705,0,0,1,1,45
31706,0,0,1,1,45
31707,0,0,1,1,45
31708,0,0,1,1,45
31709,0,0,1,1,45
31710,0,0,1,1,45
31711,0,0,1,1,45
31712,0,0,1,1,45
31891,0,0,1,400,45
33630,0,0,1,250,45
34533,0,0,1,170,45
34534,0,0,1,175,45
34536,0,0,1,80,45
34537,0,0,1,100,45
34539,0,0,1,100,45
34544,0,0,1,1000,45
34545,0,0,1,1000,45
34547,0,0,1,1000,45
34548,0,0,1,1000,45
34550,0,0,1,1000,45
34632,0,0,1,1,45
34633,0,0,1,1,45
34634,0,0,1,1,45
34635,0,0,1,1,45
34636,0,0,1,1,45
34637,0,0,1,1,45
34638,0,0,1,1,45
34639,0,0,1,1,45
34640,0,0,1,1,45
34692,0,0,1,1700,45
35090,0,0,1,1,45
35091,0,0,1,1,45
35092,0,0,1,1,45
35093,0,0,1,1,45
35094,0,0,1,1,45
35095,0,0,1,1,45
35096,0,0,1,1,45
35097,0,0,1,1,45
35098,0,0,1,1,45
35099,0,0,1,1,45
35100,0,0,1,1,45
35101,0,0,1,1,45
35102,0,0,1,1,45
35103,0,0,1,1,45
35104,0,0,1,1,45
35105,0,0,1,1,45
35106,0,0,1,1,45
35107,0,0,1,1,45
35110,0,0,1,1,45
35111,0,0,1,1,45
35112,0,0,1,1,45
35113,0,0,1,1,45
35114,0,0,1,1,45
35115,0,0,1,1,45
35116,0,0,1,1,45
35117,0,0,1,1,45
35118,0,0,1,1,45
35119,0,0,1,1,45
35120,0,0,1,1,45
35121,0,0,1,1,45
35122,0,0,1,1,45
35123,0,0,1,1,45
35124,0,0,1,1,45
35125,0,0,1,1,45
35126,0,0,1,1,45
35127,0,0,1,1,45
35130,0,0,1,1,45
35131,0,0,1,1,45
35132,0,0,1,1,45
35133,0,0,1,1,45
35134,0,0,1,1,45
35135,0,0,1,1,45
35136,0,0,1,1,45
35137,0,0,1,1,45
35138,0,0,1,1,45
35139,0,0,1,1,45
35140,0,0,1,1,45
35141,0,0,1,1,45
35142,0,0,1,1,45
35143,0,0,1,1,45
35144,0,0,1,1,45
35145,0,0,1,1,45
35146,0,0,1,1,45
35147,0,0,1,1,45
38294,0,0,1,1,45
38295,0,0,1,1,45
38296,0,0,1,1,45
38297,0,0,1,1,45
38298,0,0,1,1,45
38299,0,0,1,1,45
38300,0,0,1,1,45
38301,0,0,1,1,45
38302,0,0,1,1,45
38303,0,0,1,1,45
38304,0,0,1,1,45
38305,0,0,1,1,45
38306,0,0,1,1,45
38307,0,0,1,1,45
38308,0,0,1,1,45
38309,0,0,1,1,45
38310,0,0,1,1,45
38311,0,0,1,1,45
38657,0,0,1,1,45
38658,0,0,1,1,45
38659,0,0,1,1,45
38660,0,0,1,1,45
38661,0,0,1,23,45
38792,0,0,1,1540,45
38794,0,0,1,1540,45
38795,0,0,1,1416,45
38796,0,0,1,1416,45
40046,0,0,1,1,45
40047,0,0,1,1,45
40048,0,0,1,1,45
40049,0,0,1,1,45
40050,0,0,1,1,45
40051,0,0,1,1,45
40052,0,0,1,1,45
40053,0,0,1,1,45
40054,0,0,1,1,45
40128,0,0,1,1,45
40130,0,0,1,1,45
40343,0,0,1,1,45
41275.S,0,0,1,1,45
41277.S,0,0,1,1,45
41278.S,0,0,1,1,45
41442,0,0,1,1,45
41443,0,0,1,1,45
41444,0,0,1,1,45
41445,0,0,1,1,45
41446,0,0,1,1,45
41447,0,0,1,1,45
41448,0,0,1,0,45
41461,0,0,1,2000,45
41714,0,0,1,22,45
42324,0,0,1,1,45
42330,0,0,1,1,45
42376,0,0,1,30,45
42377,0,0,1,30,45
42378,0,0,1,18,45
42382,0,0,1,0,45
42383,0,0,1,0,45
42384,0,0,1,0,45
42454,0,0,1,1,45
42455,0,0,1,1,45
42456,0,0,1,1,45
42457,0,0,1,1,45
42458,0,0,1,1,45
42459,0,0,1,1,45
42499,0,0,1,0,45
42523,0,0,1,0,45
42524,0,0,1,0,45
42543,0,0,1,1,45
42544,0,0,1,1,45
42545,0,0,1,1,45
42546,0,0,1,1,45
42547,0,0,1,1,45
42548,0,0,1,1,45
42549,0,0,1,1,45
42550,0,0,1,1,45
42551,0,0,1,1,45
42552,0,0,1,1,45
42553,0,0,1,1,45
42554,0,0,1,1,45
42555,0,0,1,1,45
42556,0,0,1,1,45
42557,0,0,1,1,45
42558,0,0,1,1,45
42559,0,0,1,1,45
42560,0,0,1,1,45
43216,0,0,1,0,45
43231,0,0,1,0,45
43943,0,0,1,15,45
44592,0,0,1,1,45
44593,0,0,1,0,45
44750,0,0,1,300,45
19431.9,0,0,1,150,45
19434.9,0,0,1,150,45
19435,0,0,1,96,45
19435.9,0,0,1,150,45
